{"layout": {
  "0":[0,-0.0],
  "1":[-18,-1.2],
  "2":[-22.5,-2.4],
  "3":[-19.5,-2.4],
  "4":[-16.5,-2.4],
  "5":[-13.5,-2.4],
  "6":[-21,-3.5999999999999996],
  "7":[-15,-3.5999999999999996],
  "8":[-18,-4.8],
  "9":[-22.5,-6.0],
  "10":[-19.5,-6.0],
  "11":[-16.5,-6.0],
  "12":[-13.5,-6.0],
  "13":[-21,-7.199999999999999],
  "14":[-15,-7.199999999999999],
  "15":[-18,-8.4],
  "16":[-6,-1.2],
  "17":[-10.5,-2.4],
  "18":[-7.5,-2.4],
  "19":[-4.5,-2.4],
  "20":[-1.5,-2.4],
  "21":[-9,-3.5999999999999996],
  "22":[-3,-3.5999999999999996],
  "23":[-6,-4.8],
  "24":[-10.5,-6.0],
  "25":[-7.5,-6.0],
  "26":[-4.5,-6.0],
  "27":[-1.5,-6.0],
  "28":[-9,-7.199999999999999],
  "29":[-3,-7.199999999999999],
  "30":[-6,-8.4],
  "31":[6,-1.2],
  "32":[1.5,-2.4],
  "33":[4.5,-2.4],
  "34":[7.5,-2.4],
  "35":[10.5,-2.4],
  "36":[3,-3.5999999999999996],
  "37":[9,-3.5999999999999996],
  "38":[6,-4.8],
  "39":[1.5,-6.0],
  "40":[4.5,-6.0],
  "41":[7.5,-6.0],
  "42":[10.5,-6.0],
  "43":[3,-7.199999999999999],
  "44":[9,-7.199999999999999],
  "45":[6,-8.4],
  "46":[18,-1.2],
  "47":[13.5,-2.4],
  "48":[16.5,-2.4],
  "49":[19.5,-2.4],
  "50":[22.5,-2.4],
  "51":[15,-3.5999999999999996],
  "52":[21,-3.5999999999999996],
  "53":[18,-4.8],
  "54":[13.5,-6.0],
  "55":[16.5,-6.0],
  "56":[19.5,-6.0],
  "57":[22.5,-6.0],
  "58":[15,-7.199999999999999],
  "59":[21,-7.199999999999999],
  "60":[18,-8.4]
  }, "initial": "0",
  "graph": {
   "0":{"left": [0, "1"],"up": [0, "16"],"right": [0, "31"],"farright": [0, "46"]},
   "1":{"left": [0, "2"],"up": [0, "3"],"right": [0, "4"],"farright": [0, "5"]},
   "2":{"left": [0, "6"]},
   "3":{"left": [0, "6"]},
   "4":{"left": [0, "7"]},
   "5":{"left": [0, "7"]},
   "6":{"left": [0, "8"]},
   "7":{"left": [0, "8"]},
   "8":{"left": [0, "9"],"up": [0, "10"],"right": [0, "11"],"farright": [0, "12"]},
   "9":{"left": [0, "13"]},
   "10":{"left": [0, "13"]},
   "11":{"left": [0, "14"]},
   "12":{"left": [0, "14"]},
   "13":{"left": [0, "15"]},
   "14":{"left": [0, "15"]},
   "15":{},
   "16":{"left": [0, "17"],"up": [0, "18"],"right": [0, "19"],"farright": [0, "20"]},
   "17":{"left": [0, "21"]},
   "18":{"left": [0, "21"]},
   "19":{"left": [0, "22"]},
   "20":{"left": [0, "22"]},
   "21":{"left": [0, "23"]},
   "22":{"left": [0, "23"]},
   "23":{"left": [0, "24"],"up": [0, "25"],"right": [0, "26"],"farright": [0, "27"]},
   "24":{"left": [0, "28"]},
   "25":{"left": [0, "28"]},
   "26":{"left": [0, "29"]},
   "27":{"left": [0, "29"]},
   "28":{"left": [0, "30"]},
   "29":{"left": [0, "30"]},
   "30":{},
   "31":{"left": [0, "32"],"up": [0, "33"],"right": [0, "34"],"farright": [0, "35"]},
   "32":{"left": [0, "36"]},
   "33":{"left": [0, "36"]},
   "34":{"left": [0, "37"]},
   "35":{"left": [0, "37"]},
   "36":{"left": [0, "38"]},
   "37":{"left": [0, "38"]},
   "38":{"left": [0, "39"],"up": [0, "40"],"right": [0, "41"],"farright": [0, "42"]},
   "39":{"left": [0, "43"]},
   "40":{"left": [0, "43"]},
   "41":{"left": [0, "44"]},
   "42":{"left": [0, "44"]},
   "43":{"left": [0, "45"]},
   "44":{"left": [0, "45"]},
   "45":{},
   "46":{"left": [0, "47"],"up": [0, "48"],"right": [0, "49"],"farright": [0, "50"]},
   "47":{"left": [0, "51"]},
   "48":{"left": [0, "51"]},
   "49":{"left": [0, "52"]},
   "50":{"left": [0, "52"]},
   "51":{"left": [0, "53"]},
   "52":{"left": [0, "53"]},
   "53":{"left": [0, "54"],"up": [0, "55"],"right": [0, "56"],"farright": [0, "57"]},
   "54":{"left": [0, "58"]},
   "55":{"left": [0, "58"]},
   "56":{"left": [0, "59"]},
   "57":{"left": [0, "59"]},
   "58":{"left": [0, "60"]},
   "59":{"left": [0, "60"]},
   "60":{}} }
  